filename,class,class_num
bolt_260.jpg,bolt,1
bolt_261.jpg,bolt,1
bolt_262.jpg,bolt,1
bolt_263.jpg,bolt,1
bolt_264.jpg,bolt,1
bolt_265.jpg,bolt,1
bolt_266.jpg,bolt,1
bolt_267.jpg,bolt,1
bolt_268.jpg,bolt,1
bolt_269.jpg,bolt,1
bolt_27.jpg,bolt,1
bolt_270.jpg,bolt,1
bolt_271.jpg,bolt,1
bolt_272.jpg,bolt,1
bolt_273.jpg,bolt,1
bolt_274.jpg,bolt,1
bolt_275.jpg,bolt,1
bolt_276.jpg,bolt,1
bolt_45.jpg,bolt,1
bolt_46.jpg,bolt,1
bolt_47.jpg,bolt,1
bolt_48.jpg,bolt,1
bolt_49.jpg,bolt,1
bolt_5.jpg,bolt,1
bolt_50.jpg,bolt,1
bolt_51.jpg,bolt,1
bolt_52.jpg,bolt,1
bolt_53.jpg,bolt,1
bolt_54.jpg,bolt,1
bolt_55.jpg,bolt,1
bolt_56.jpg,bolt,1
bolt_57.jpg,bolt,1
bolt_58.jpg,bolt,1
bolt_59.jpg,bolt,1
bolt_6.jpg,bolt,1
bolt_60.jpg,bolt,1
bolt_61.jpg,bolt,1
bolt_63.jpg,bolt,1
bolt_64.jpg,bolt,1
bolt_65.jpg,bolt,1
bolt_66.jpg,bolt,1
bolt_67.jpg,bolt,1
bolt_68.jpg,bolt,1
bolt_69.jpg,bolt,1
bolt_7.jpg,bolt,1
bolt_70.jpg,bolt,1
bolt_71.jpg,bolt,1
bolt_72.jpg,bolt,1
bolt_73.jpg,bolt,1
bolt_74.jpg,bolt,1
bolt_75.jpg,bolt,1
bolt_76.jpg,bolt,1
bolt_77.jpg,bolt,1
bolt_78.jpg,bolt,1
bolt_79.jpg,bolt,1
bolt_8.jpg,bolt,1
bolt_81.jpg,bolt,1
bolt_82.jpg,bolt,1
bolt_83.jpg,bolt,1
bolt_84.jpg,bolt,1
bolt_85.jpg,bolt,1
bolt_86.jpg,bolt,1
bolt_87.jpg,bolt,1
bolt_88.jpg,bolt,1
bolt_89.jpg,bolt,1
bolt_9.jpg,bolt,1
bolt_90.jpg,bolt,1
bolt_91.jpg,bolt,1
bolt_92.jpg,bolt,1
bolt_93.jpg,bolt,1
bolt_94.jpg,bolt,1
bolt_95.jpg,bolt,1
bolt_96.jpg,bolt,1
bolt_97.jpg,bolt,1
bolt_115.jpg,bolt,1
bolt_116.jpg,bolt,1
bolt_117.jpg,bolt,1
bolt_118.jpg,bolt,1
bolt_119.jpg,bolt,1
bolt_12.jpg,bolt,1
bolt_120.jpg,bolt,1
bolt_121.jpg,bolt,1
bolt_122.jpg,bolt,1
bolt_123.jpg,bolt,1
bolt_124.jpg,bolt,1
bolt_125.jpg,bolt,1
bolt_126.jpg,bolt,1
bolt_127.jpg,bolt,1
bolt_128.jpg,bolt,1
bolt_129.jpg,bolt,1
bolt_13.jpg,bolt,1
bolt_130.jpg,bolt,1
bolt_132.jpg,bolt,1
bolt_133.jpg,bolt,1
bolt_134.jpg,bolt,1
bolt_135.jpg,bolt,1
bolt_136.jpg,bolt,1
bolt_137.jpg,bolt,1
bolt_138.jpg,bolt,1
bolt_139.jpg,bolt,1
bolt_14.jpg,bolt,1
bolt_140.jpg,bolt,1
bolt_141.jpg,bolt,1
bolt_142.jpg,bolt,1
bolt_143.jpg,bolt,1
bolt_144.jpg,bolt,1
bolt_145.jpg,bolt,1
bolt_146.jpg,bolt,1
bolt_147.jpg,bolt,1
bolt_148.jpg,bolt,1
bolt_15.jpg,bolt,1
bolt_150.jpg,bolt,1
bolt_151.jpg,bolt,1
bolt_152.jpg,bolt,1
bolt_153.jpg,bolt,1
bolt_154.jpg,bolt,1
bolt_155.jpg,bolt,1
bolt_156.jpg,bolt,1
bolt_157.jpg,bolt,1
bolt_158.jpg,bolt,1
bolt_159.jpg,bolt,1
bolt_16.jpg,bolt,1
bolt_160.jpg,bolt,1
bolt_161.jpg,bolt,1
bolt_162.jpg,bolt,1
bolt_163.jpg,bolt,1
bolt_164.jpg,bolt,1
bolt_165.jpg,bolt,1
bolt_167.jpg,bolt,1
bolt_168.jpg,bolt,1
bolt_169.jpg,bolt,1
bolt_17.jpg,bolt,1
bolt_170.jpg,bolt,1
bolt_171.jpg,bolt,1
bolt_172.jpg,bolt,1
bolt_173.jpg,bolt,1
bolt_174.jpg,bolt,1
bolt_175.jpg,bolt,1
bolt_176.jpg,bolt,1
bolt_177.jpg,bolt,1
bolt_178.jpg,bolt,1
bolt_179.jpg,bolt,1
bolt_18.jpg,bolt,1
bolt_180.jpg,bolt,1
bolt_181.jpg,bolt,1
bolt_182.jpg,bolt,1
bolt_184.jpg,bolt,1
bolt_185.jpg,bolt,1
bolt_186.jpg,bolt,1
bolt_187.jpg,bolt,1
bolt_188.jpg,bolt,1
bolt_189.jpg,bolt,1
bolt_19.jpg,bolt,1
bolt_190.jpg,bolt,1
bolt_191.jpg,bolt,1
bolt_192.jpg,bolt,1
bolt_193.jpg,bolt,1
bolt_194.jpg,bolt,1
bolt_195.jpg,bolt,1
bolt_196.jpg,bolt,1
bolt_197.jpg,bolt,1
bolt_198.jpg,bolt,1
bolt_199.jpg,bolt,1
bolt_2.jpg,bolt,1
bolt_200.jpg,bolt,1
bolt_201.jpg,bolt,1
bolt_202.jpg,bolt,1
bolt_203.jpg,bolt,1
bolt_204.jpg,bolt,1
bolt_205.jpg,bolt,1
bolt_206.jpg,bolt,1
bolt_207.jpg,bolt,1
bolt_208.jpg,bolt,1
bolt_209.jpg,bolt,1
bolt_21.jpg,bolt,1
bolt_210.jpg,bolt,1
bolt_211.jpg,bolt,1
bolt_212.jpg,bolt,1
bolt_213.jpg,bolt,1
bolt_214.jpg,bolt,1
bolt_215.jpg,bolt,1
bolt_216.jpg,bolt,1
bolt_218.jpg,bolt,1
bolt_219.jpg,bolt,1
bolt_22.jpg,bolt,1
bolt_220.jpg,bolt,1
bolt_221.jpg,bolt,1
bolt_222.jpg,bolt,1
bolt_223.jpg,bolt,1
bolt_224.jpg,bolt,1
bolt_225.jpg,bolt,1
bolt_226.jpg,bolt,1
bolt_227.jpg,bolt,1
bolt_228.jpg,bolt,1
bolt_229.jpg,bolt,1
bolt_23.jpg,bolt,1
bolt_230.jpg,bolt,1
bolt_231.jpg,bolt,1
bolt_232.jpg,bolt,1
bolt_233.jpg,bolt,1
bolt_235.jpg,bolt,1
bolt_236.jpg,bolt,1
bolt_237.jpg,bolt,1
bolt_238.jpg,bolt,1
bolt_239.jpg,bolt,1
bolt_24.jpg,bolt,1
bolt_240.jpg,bolt,1
bolt_241.jpg,bolt,1
bolt_242.jpg,bolt,1
bolt_243.jpg,bolt,1
bolt_244.jpg,bolt,1
bolt_245.jpg,bolt,1
bolt_246.jpg,bolt,1
bolt_247.jpg,bolt,1
bolt_248.jpg,bolt,1
bolt_249.jpg,bolt,1
bolt_25.jpg,bolt,1
bolt_250.jpg,bolt,1
bolt_251.jpg,bolt,1
bolt_252.jpg,bolt,1
bolt_253.jpg,bolt,1
bolt_254.jpg,bolt,1
bolt_255.jpg,bolt,1
bolt_256.jpg,bolt,1
bolt_257.jpg,bolt,1
bolt_258.jpg,bolt,1
bolt_259.jpg,bolt,1
bolt_278.jpg,bolt,1
bolt_279.jpg,bolt,1
bolt_28.jpg,bolt,1
bolt_280.jpg,bolt,1
bolt_281.jpg,bolt,1
bolt_282.jpg,bolt,1
bolt_283.jpg,bolt,1
bolt_284.jpg,bolt,1
bolt_285.jpg,bolt,1
bolt_286.jpg,bolt,1
bolt_287.jpg,bolt,1
bolt_288.jpg,bolt,1
bolt_289.jpg,bolt,1
bolt_29.jpg,bolt,1
bolt_290.jpg,bolt,1
bolt_291.jpg,bolt,1
bolt_292.jpg,bolt,1
bolt_293.jpg,bolt,1
bolt_295.jpg,bolt,1
bolt_296.jpg,bolt,1
bolt_297.jpg,bolt,1
bolt_298.jpg,bolt,1
bolt_299.jpg,bolt,1
bolt_3.jpg,bolt,1
bolt_30.jpg,bolt,1
bolt_300.jpg,bolt,1
bolt_301.jpg,bolt,1
bolt_302.jpg,bolt,1
bolt_303.jpg,bolt,1
bolt_304.jpg,bolt,1
bolt_305.jpg,bolt,1
bolt_306.jpg,bolt,1
bolt_307.jpg,bolt,1
bolt_308.jpg,bolt,1
bolt_309.jpg,bolt,1
bolt_31.jpg,bolt,1
bolt_311.jpg,bolt,1
bolt_312.jpg,bolt,1
bolt_313.jpg,bolt,1
bolt_314.jpg,bolt,1
bolt_315.jpg,bolt,1
bolt_316.jpg,bolt,1
bolt_317.jpg,bolt,1
bolt_318.jpg,bolt,1
bolt_319.jpg,bolt,1
bolt_32.jpg,bolt,1
bolt_320.jpg,bolt,1
bolt_321.jpg,bolt,1
bolt_322.jpg,bolt,1
bolt_323.jpg,bolt,1
bolt_324.jpg,bolt,1
bolt_325.jpg,bolt,1
bolt_326.jpg,bolt,1
bolt_327.jpg,bolt,1
bolt_329.jpg,bolt,1
bolt_33.jpg,bolt,1
bolt_330.jpg,bolt,1
bolt_331.jpg,bolt,1
bolt_332.jpg,bolt,1
bolt_333.jpg,bolt,1
bolt_334.jpg,bolt,1
bolt_335.jpg,bolt,1
bolt_336.jpg,bolt,1
bolt_337.jpg,bolt,1
bolt_338.jpg,bolt,1
bolt_339.jpg,bolt,1
bolt_34.jpg,bolt,1
bolt_340.jpg,bolt,1
bolt_341.jpg,bolt,1
bolt_342.jpg,bolt,1
bolt_343.jpg,bolt,1
bolt_344.jpg,bolt,1
bolt_346.jpg,bolt,1
bolt_347.jpg,bolt,1
bolt_348.jpg,bolt,1
bolt_349.jpg,bolt,1
bolt_35.jpg,bolt,1
bolt_350.jpg,bolt,1
bolt_351.jpg,bolt,1
bolt_352.jpg,bolt,1
bolt_353.jpg,bolt,1
bolt_354.jpg,bolt,1
bolt_355.jpg,bolt,1
bolt_356.jpg,bolt,1
bolt_357.jpg,bolt,1
bolt_358.jpg,bolt,1
bolt_359.jpg,bolt,1
bolt_36.jpg,bolt,1
bolt_360.jpg,bolt,1
bolt_361.jpg,bolt,1
bolt_363.jpg,bolt,1
bolt_364.jpg,bolt,1
bolt_365.jpg,bolt,1
bolt_366.jpg,bolt,1
bolt_367.jpg,bolt,1
bolt_368.jpg,bolt,1
bolt_369.jpg,bolt,1
bolt_37.jpg,bolt,1
bolt_370.jpg,bolt,1
bolt_371.jpg,bolt,1
bolt_372.jpg,bolt,1
bolt_373.jpg,bolt,1
bolt_374.jpg,bolt,1
bolt_375.jpg,bolt,1
bolt_376.jpg,bolt,1
bolt_377.jpg,bolt,1
bolt_378.jpg,bolt,1
bolt_379.jpg,bolt,1
bolt_38.jpg,bolt,1
bolt_380.jpg,bolt,1
bolt_381.jpg,bolt,1
bolt_382.jpg,bolt,1
bolt_383.jpg,bolt,1
bolt_384.jpg,bolt,1
bolt_385.jpg,bolt,1
bolt_386.jpg,bolt,1
bolt_387.jpg,bolt,1
bolt_388.jpg,bolt,1
bolt_39.jpg,bolt,1
bolt_4.jpg,bolt,1
bolt_40.jpg,bolt,1
bolt_41.jpg,bolt,1
bolt_42.jpg,bolt,1
bolt_43.jpg,bolt,1
bolt_99.jpg,bolt,1
flange_100.jpg,flange,2
flange_101.jpg,flange,2
flange_102.jpg,flange,2
flange_103.jpg,flange,2
flange_104.jpg,flange,2
flange_105.jpg,flange,2
flange_106.jpg,flange,2
flange_107.jpg,flange,2
flange_108.jpg,flange,2
flange_109.jpg,flange,2
flange_110.jpg,flange,2
flange_111.jpg,flange,2
flange_112.jpg,flange,2
flange_113.jpg,flange,2
flange_114.jpg,flange,2
flange_115.jpg,flange,2
flange_410.jpg,flange,2
flange_411.jpg,flange,2
flange_42.jpg,flange,2
flange_43.jpg,flange,2
flange_44.jpg,flange,2
flange_45.jpg,flange,2
flange_46.jpg,flange,2
flange_47.jpg,flange,2
flange_48.jpg,flange,2
flange_49.jpg,flange,2
flange_50.jpg,flange,2
flange_51.jpg,flange,2
flange_52.jpg,flange,2
flange_53.jpg,flange,2
flange_54.jpg,flange,2
flange_56.jpg,flange,2
flange_57.jpg,flange,2
flange_58.jpg,flange,2
flange_59.jpg,flange,2
flange_60.jpg,flange,2
flange_62.jpg,flange,2
flange_63.jpg,flange,2
flange_64.jpg,flange,2
flange_65.jpg,flange,2
flange_66.jpg,flange,2
flange_67.jpg,flange,2
flange_68.jpg,flange,2
flange_69.jpg,flange,2
flange_70.jpg,flange,2
flange_71.jpg,flange,2
flange_72.jpg,flange,2
flange_73.jpg,flange,2
flange_74.jpg,flange,2
flange_75.jpg,flange,2
flange_76.jpg,flange,2
flange_77.jpg,flange,2
flange_78.jpg,flange,2
flange_79.jpg,flange,2
flange_81.jpg,flange,2
flange_82.jpg,flange,2
flange_83.jpg,flange,2
flange_84.jpg,flange,2
flange_85.jpg,flange,2
flange_86.jpg,flange,2
flange_87.jpg,flange,2
flange_88.jpg,flange,2
flange_89.jpg,flange,2
flange_90.jpg,flange,2
flange_91.jpg,flange,2
flange_92.jpg,flange,2
flange_93.jpg,flange,2
flange_94.jpg,flange,2
flange_95.jpg,flange,2
flange_96.jpg,flange,2
flange_97.jpg,flange,2
flange_117.jpg,flange,2
flange_118.jpg,flange,2
flange_119.jpg,flange,2
flange_120.jpg,flange,2
flange_121.jpg,flange,2
flange_122.jpg,flange,2
flange_123.jpg,flange,2
flange_124.jpg,flange,2
flange_125.jpg,flange,2
flange_126.jpg,flange,2
flange_127.jpg,flange,2
flange_128.jpg,flange,2
flange_129.jpg,flange,2
flange_130.jpg,flange,2
flange_131.jpg,flange,2
flange_132.jpg,flange,2
flange_133.jpg,flange,2
flange_135.jpg,flange,2
flange_136.jpg,flange,2
flange_137.jpg,flange,2
flange_138.jpg,flange,2
flange_139.jpg,flange,2
flange_140.jpg,flange,2
flange_141.jpg,flange,2
flange_142.jpg,flange,2
flange_143.jpg,flange,2
flange_144.jpg,flange,2
flange_145.jpg,flange,2
flange_146.jpg,flange,2
flange_147.jpg,flange,2
flange_148.jpg,flange,2
flange_149.jpg,flange,2
flange_150.jpg,flange,2
flange_151.jpg,flange,2
flange_153.jpg,flange,2
flange_154.jpg,flange,2
flange_155.jpg,flange,2
flange_156.jpg,flange,2
flange_157.jpg,flange,2
flange_158.jpg,flange,2
flange_159.jpg,flange,2
flange_160.jpg,flange,2
flange_161.jpg,flange,2
flange_162.jpg,flange,2
flange_163.jpg,flange,2
flange_164.jpg,flange,2
flange_165.jpg,flange,2
flange_166.jpg,flange,2
flange_167.jpg,flange,2
flange_168.jpg,flange,2
flange_169.jpg,flange,2
flange_171.jpg,flange,2
flange_172.jpg,flange,2
flange_173.jpg,flange,2
flange_174.jpg,flange,2
flange_175.jpg,flange,2
flange_176.jpg,flange,2
flange_177.jpg,flange,2
flange_178.jpg,flange,2
flange_179.jpg,flange,2
flange_180.jpg,flange,2
flange_181.jpg,flange,2
flange_182.jpg,flange,2
flange_183.jpg,flange,2
flange_184.jpg,flange,2
flange_185.jpg,flange,2
flange_186.jpg,flange,2
flange_187.jpg,flange,2
flange_189.jpg,flange,2
flange_190.jpg,flange,2
flange_191.jpg,flange,2
flange_192.jpg,flange,2
flange_193.jpg,flange,2
flange_194.jpg,flange,2
flange_195.jpg,flange,2
flange_196.jpg,flange,2
flange_197.jpg,flange,2
flange_198.jpg,flange,2
flange_199.jpg,flange,2
flange_200.jpg,flange,2
flange_201.jpg,flange,2
flange_202.jpg,flange,2
flange_203.jpg,flange,2
flange_204.jpg,flange,2
flange_205.jpg,flange,2
flange_207.jpg,flange,2
flange_208.jpg,flange,2
flange_209.jpg,flange,2
flange_210.jpg,flange,2
flange_211.jpg,flange,2
flange_212.jpg,flange,2
flange_213.jpg,flange,2
flange_214.jpg,flange,2
flange_215.jpg,flange,2
flange_216.jpg,flange,2
flange_217.jpg,flange,2
flange_218.jpg,flange,2
flange_219.jpg,flange,2
flange_220.jpg,flange,2
flange_221.jpg,flange,2
flange_222.jpg,flange,2
flange_223.jpg,flange,2
flange_225.jpg,flange,2
flange_226.jpg,flange,2
flange_227.jpg,flange,2
flange_228.jpg,flange,2
flange_229.jpg,flange,2
flange_23.jpg,flange,2
flange_230.jpg,flange,2
flange_231.jpg,flange,2
flange_232.jpg,flange,2
flange_233.jpg,flange,2
flange_234.jpg,flange,2
flange_235.jpg,flange,2
flange_236.jpg,flange,2
flange_237.jpg,flange,2
flange_238.jpg,flange,2
flange_239.jpg,flange,2
flange_24.jpg,flange,2
flange_241.jpg,flange,2
flange_242.jpg,flange,2
flange_243.jpg,flange,2
flange_244.jpg,flange,2
flange_245.jpg,flange,2
flange_246.jpg,flange,2
flange_247.jpg,flange,2
flange_248.jpg,flange,2
flange_249.jpg,flange,2
flange_25.jpg,flange,2
flange_250.jpg,flange,2
flange_251.jpg,flange,2
flange_252.jpg,flange,2
flange_253.jpg,flange,2
flange_254.jpg,flange,2
flange_255.jpg,flange,2
flange_256.jpg,flange,2
flange_258.jpg,flange,2
flange_259.jpg,flange,2
flange_26.jpg,flange,2
flange_260.jpg,flange,2
flange_261.jpg,flange,2
flange_262.jpg,flange,2
flange_263.jpg,flange,2
flange_264.jpg,flange,2
flange_265.jpg,flange,2
flange_266.jpg,flange,2
flange_267.jpg,flange,2
flange_268.jpg,flange,2
flange_269.jpg,flange,2
flange_27.jpg,flange,2
flange_270.jpg,flange,2
flange_271.jpg,flange,2
flange_272.jpg,flange,2
flange_274.jpg,flange,2
flange_275.jpg,flange,2
flange_276.jpg,flange,2
flange_277.jpg,flange,2
flange_278.jpg,flange,2
flange_279.jpg,flange,2
flange_28.jpg,flange,2
flange_280.jpg,flange,2
flange_281.jpg,flange,2
flange_282.jpg,flange,2
flange_283.jpg,flange,2
flange_284.jpg,flange,2
flange_285.jpg,flange,2
flange_286.jpg,flange,2
flange_287.jpg,flange,2
flange_288.jpg,flange,2
flange_289.jpg,flange,2
flange_290.jpg,flange,2
flange_291.jpg,flange,2
flange_292.jpg,flange,2
flange_293.jpg,flange,2
flange_294.jpg,flange,2
flange_295.jpg,flange,2
flange_296.jpg,flange,2
flange_297.jpg,flange,2
flange_298.jpg,flange,2
flange_299.jpg,flange,2
flange_30.jpg,flange,2
flange_300.jpg,flange,2
flange_301.jpg,flange,2
flange_302.jpg,flange,2
flange_303.jpg,flange,2
flange_304.jpg,flange,2
flange_305.jpg,flange,2
flange_307.jpg,flange,2
flange_308.jpg,flange,2
flange_309.jpg,flange,2
flange_31.jpg,flange,2
flange_310.jpg,flange,2
flange_311.jpg,flange,2
flange_312.jpg,flange,2
flange_313.jpg,flange,2
flange_314.jpg,flange,2
flange_315.jpg,flange,2
flange_316.jpg,flange,2
flange_317.jpg,flange,2
flange_318.jpg,flange,2
flange_319.jpg,flange,2
flange_32.jpg,flange,2
flange_320.jpg,flange,2
flange_321.jpg,flange,2
bolt_80.jpg,bolt,1
bolt_98.jpg,bolt,1
flange_116.jpg,flange,2
flange_134.jpg,flange,2
flange_152.jpg,flange,2
flange_170.jpg,flange,2
flange_188.jpg,flange,2
flange_206.jpg,flange,2
flange_224.jpg,flange,2
flange_240.jpg,flange,2
flange_257.jpg,flange,2
flange_273.jpg,flange,2
flange_29.jpg,flange,2
flange_306.jpg,flange,2
flange_322.jpg,flange,2
flange_339.jpg,flange,2
flange_323.jpg,flange,2
flange_324.jpg,flange,2
flange_325.jpg,flange,2
flange_326.jpg,flange,2
flange_327.jpg,flange,2
flange_328.jpg,flange,2
flange_329.jpg,flange,2
flange_33.jpg,flange,2
flange_330.jpg,flange,2
flange_331.jpg,flange,2
flange_332.jpg,flange,2
flange_333.jpg,flange,2
flange_334.jpg,flange,2
flange_335.jpg,flange,2
flange_336.jpg,flange,2
flange_337.jpg,flange,2
flange_338.jpg,flange,2
flange_34.jpg,flange,2
flange_340.jpg,flange,2
flange_341.jpg,flange,2
flange_342.jpg,flange,2
flange_343.jpg,flange,2
flange_344.jpg,flange,2
flange_345.jpg,flange,2
flange_346.jpg,flange,2
flange_347.jpg,flange,2
flange_348.jpg,flange,2
flange_349.jpg,flange,2
flange_35.jpg,flange,2
flange_350.jpg,flange,2
flange_351.jpg,flange,2
flange_352.jpg,flange,2
flange_353.jpg,flange,2
flange_354.jpg,flange,2
flange_356.jpg,flange,2
flange_357.jpg,flange,2
flange_358.jpg,flange,2
flange_359.jpg,flange,2
flange_36.jpg,flange,2
flange_360.jpg,flange,2
flange_361.jpg,flange,2
flange_362.jpg,flange,2
flange_363.jpg,flange,2
flange_364.jpg,flange,2
flange_365.jpg,flange,2
flange_366.jpg,flange,2
flange_367.jpg,flange,2
flange_368.jpg,flange,2
flange_369.jpg,flange,2
flange_37.jpg,flange,2
flange_370.jpg,flange,2
flange_372.jpg,flange,2
flange_373.jpg,flange,2
flange_374.jpg,flange,2
flange_375.jpg,flange,2
flange_376.jpg,flange,2
flange_377.jpg,flange,2
flange_378.jpg,flange,2
flange_379.jpg,flange,2
flange_38.jpg,flange,2
flange_380.jpg,flange,2
flange_381.jpg,flange,2
flange_382.jpg,flange,2
flange_383.jpg,flange,2
flange_384.jpg,flange,2
flange_385.jpg,flange,2
flange_386.jpg,flange,2
flange_387.jpg,flange,2
flange_389.jpg,flange,2
flange_390.jpg,flange,2
flange_391.jpg,flange,2
flange_392.jpg,flange,2
flange_393.jpg,flange,2
flange_394.jpg,flange,2
flange_395.jpg,flange,2
flange_396.jpg,flange,2
flange_397.jpg,flange,2
flange_398.jpg,flange,2
flange_399.jpg,flange,2
flange_40.jpg,flange,2
flange_400.jpg,flange,2
flange_401.jpg,flange,2
flange_402.jpg,flange,2
flange_403.jpg,flange,2
flange_404.jpg,flange,2
flange_405.jpg,flange,2
flange_406.jpg,flange,2
flange_407.jpg,flange,2
flange_408.jpg,flange,2
flange_409.jpg,flange,2
flange_99.jpg,flange,2
lead-block_0.jpg,lead-block,3
lead-block_1.jpg,lead-block,3
lead-block_10.jpg,lead-block,3
lead-block_100.jpg,lead-block,3
lead-block_101.jpg,lead-block,3
lead-block_102.jpg,lead-block,3
lead-block_103.jpg,lead-block,3
lead-block_104.jpg,lead-block,3
lead-block_105.jpg,lead-block,3
lead-block_106.jpg,lead-block,3
lead-block_107.jpg,lead-block,3
lead-block_108.jpg,lead-block,3
lead-block_109.jpg,lead-block,3
lead-block_11.jpg,lead-block,3
bolt_0.jpg,bolt,1
bolt_1.jpg,bolt,1
bolt_10.jpg,bolt,1
bolt_100.jpg,bolt,1
bolt_101.jpg,bolt,1
bolt_102.jpg,bolt,1
bolt_103.jpg,bolt,1
bolt_104.jpg,bolt,1
bolt_105.jpg,bolt,1
bolt_106.jpg,bolt,1
bolt_107.jpg,bolt,1
bolt_108.jpg,bolt,1
bolt_109.jpg,bolt,1
bolt_11.jpg,bolt,1
bolt_110.jpg,bolt,1
bolt_111.jpg,bolt,1
bolt_112.jpg,bolt,1
bolt_113.jpg,bolt,1
lead-block_210.jpg,lead-block,3
lead-block_211.jpg,lead-block,3
lead-block_212.jpg,lead-block,3
lead-block_213.jpg,lead-block,3
lead-block_214.jpg,lead-block,3
lead-block_215.jpg,lead-block,3
lead-block_216.jpg,lead-block,3
lead-block_217.jpg,lead-block,3
lead-block_218.jpg,lead-block,3
lead-block_219.jpg,lead-block,3
lead-block_22.jpg,lead-block,3
lead-block_220.jpg,lead-block,3
lead-block_221.jpg,lead-block,3
lead-block_222.jpg,lead-block,3
lead-block_223.jpg,lead-block,3
lead-block_224.jpg,lead-block,3
lead-block_370.jpg,lead-block,3
lead-block_371.jpg,lead-block,3
lead-block_372.jpg,lead-block,3
lead-block_373.jpg,lead-block,3
lead-block_374.jpg,lead-block,3
lead-block_375.jpg,lead-block,3
lead-block_376.jpg,lead-block,3
lead-block_377.jpg,lead-block,3
lead-block_378.jpg,lead-block,3
lead-block_379.jpg,lead-block,3
lead-block_38.jpg,lead-block,3
lead-block_380.jpg,lead-block,3
lead-block_381.jpg,lead-block,3
lead-block_382.jpg,lead-block,3
lead-block_383.jpg,lead-block,3
lead-block_384.jpg,lead-block,3
lead-block_53.jpg,lead-block,3
lead-block_54.jpg,lead-block,3
lead-block_55.jpg,lead-block,3
lead-block_56.jpg,lead-block,3
lead-block_57.jpg,lead-block,3
lead-block_58.jpg,lead-block,3
lead-block_59.jpg,lead-block,3
lead-block_6.jpg,lead-block,3
lead-block_60.jpg,lead-block,3
lead-block_61.jpg,lead-block,3
lead-block_62.jpg,lead-block,3
lead-block_63.jpg,lead-block,3
lead-block_64.jpg,lead-block,3
lead-block_65.jpg,lead-block,3
lead-block_66.jpg,lead-block,3
lead-block_67.jpg,lead-block,3
lead-block_69.jpg,lead-block,3
lead-block_7.jpg,lead-block,3
lead-block_70.jpg,lead-block,3
lead-block_71.jpg,lead-block,3
lead-block_72.jpg,lead-block,3
lead-block_73.jpg,lead-block,3
lead-block_74.jpg,lead-block,3
lead-block_75.jpg,lead-block,3
lead-block_76.jpg,lead-block,3
lead-block_77.jpg,lead-block,3
lead-block_78.jpg,lead-block,3
lead-block_79.jpg,lead-block,3
lead-block_8.jpg,lead-block,3
lead-block_80.jpg,lead-block,3
lead-block_81.jpg,lead-block,3
lead-block_82.jpg,lead-block,3
lead-block_84.jpg,lead-block,3
lead-block_85.jpg,lead-block,3
lead-block_86.jpg,lead-block,3
lead-block_87.jpg,lead-block,3
lead-block_88.jpg,lead-block,3
lead-block_89.jpg,lead-block,3
lead-block_9.jpg,lead-block,3
lead-block_90.jpg,lead-block,3
lead-block_91.jpg,lead-block,3
lead-block_92.jpg,lead-block,3
lead-block_93.jpg,lead-block,3
lead-block_94.jpg,lead-block,3
lead-block_95.jpg,lead-block,3
lead-block_96.jpg,lead-block,3
lead-block_97.jpg,lead-block,3
lead-block_98.jpg,lead-block,3
lead-block_99.jpg,lead-block,3
nut_0.jpg,nut,4
lead-block_111.jpg,lead-block,3
lead-block_112.jpg,lead-block,3
lead-block_113.jpg,lead-block,3
lead-block_114.jpg,lead-block,3
lead-block_115.jpg,lead-block,3
lead-block_116.jpg,lead-block,3
lead-block_117.jpg,lead-block,3
lead-block_118.jpg,lead-block,3
lead-block_119.jpg,lead-block,3
lead-block_12.jpg,lead-block,3
lead-block_120.jpg,lead-block,3
lead-block_121.jpg,lead-block,3
lead-block_122.jpg,lead-block,3
lead-block_123.jpg,lead-block,3
lead-block_124.jpg,lead-block,3
lead-block_125.jpg,lead-block,3
lead-block_127.jpg,lead-block,3
lead-block_128.jpg,lead-block,3
lead-block_129.jpg,lead-block,3
lead-block_13.jpg,lead-block,3
lead-block_130.jpg,lead-block,3
lead-block_131.jpg,lead-block,3
lead-block_132.jpg,lead-block,3
lead-block_133.jpg,lead-block,3
lead-block_134.jpg,lead-block,3
lead-block_135.jpg,lead-block,3
lead-block_136.jpg,lead-block,3
lead-block_137.jpg,lead-block,3
lead-block_138.jpg,lead-block,3
lead-block_139.jpg,lead-block,3
lead-block_14.jpg,lead-block,3
lead-block_140.jpg,lead-block,3
lead-block_142.jpg,lead-block,3
lead-block_143.jpg,lead-block,3
lead-block_144.jpg,lead-block,3
lead-block_145.jpg,lead-block,3
lead-block_146.jpg,lead-block,3
lead-block_147.jpg,lead-block,3
lead-block_148.jpg,lead-block,3
lead-block_149.jpg,lead-block,3
lead-block_15.jpg,lead-block,3
lead-block_150.jpg,lead-block,3
lead-block_151.jpg,lead-block,3
lead-block_152.jpg,lead-block,3
lead-block_153.jpg,lead-block,3
lead-block_154.jpg,lead-block,3
lead-block_155.jpg,lead-block,3
lead-block_156.jpg,lead-block,3
lead-block_158.jpg,lead-block,3
lead-block_159.jpg,lead-block,3
lead-block_16.jpg,lead-block,3
lead-block_160.jpg,lead-block,3
lead-block_161.jpg,lead-block,3
lead-block_162.jpg,lead-block,3
lead-block_163.jpg,lead-block,3
lead-block_164.jpg,lead-block,3
lead-block_165.jpg,lead-block,3
lead-block_166.jpg,lead-block,3
lead-block_167.jpg,lead-block,3
lead-block_168.jpg,lead-block,3
lead-block_169.jpg,lead-block,3
lead-block_17.jpg,lead-block,3
lead-block_170.jpg,lead-block,3
lead-block_171.jpg,lead-block,3
lead-block_173.jpg,lead-block,3
lead-block_174.jpg,lead-block,3
lead-block_175.jpg,lead-block,3
lead-block_176.jpg,lead-block,3
lead-block_177.jpg,lead-block,3
lead-block_178.jpg,lead-block,3
lead-block_179.jpg,lead-block,3
lead-block_18.jpg,lead-block,3
lead-block_180.jpg,lead-block,3
lead-block_181.jpg,lead-block,3
lead-block_182.jpg,lead-block,3
lead-block_183.jpg,lead-block,3
lead-block_184.jpg,lead-block,3
lead-block_185.jpg,lead-block,3
lead-block_186.jpg,lead-block,3
lead-block_187.jpg,lead-block,3
flange_371.jpg,flange,2
flange_388.jpg,flange,2
flange_41.jpg,flange,2
flange_61.jpg,flange,2
flange_80.jpg,flange,2
flange_98.jpg,flange,2
lead-block_110.jpg,lead-block,3
lead-block_126.jpg,lead-block,3
lead-block_141.jpg,lead-block,3
lead-block_157.jpg,lead-block,3
lead-block_172.jpg,lead-block,3
lead-block_188.jpg,lead-block,3
lead-block_21.jpg,lead-block,3
lead-block_225.jpg,lead-block,3
lead-block_240.jpg,lead-block,3
lead-block_256.jpg,lead-block,3
bolt_114.jpg,bolt,1
bolt_131.jpg,bolt,1
bolt_149.jpg,bolt,1
bolt_166.jpg,bolt,1
bolt_183.jpg,bolt,1
bolt_20.jpg,bolt,1
bolt_217.jpg,bolt,1
bolt_234.jpg,bolt,1
bolt_26.jpg,bolt,1
bolt_277.jpg,bolt,1
bolt_294.jpg,bolt,1
bolt_310.jpg,bolt,1
bolt_328.jpg,bolt,1
bolt_345.jpg,bolt,1
bolt_362.jpg,bolt,1
bolt_44.jpg,bolt,1
lead-block_189.jpg,lead-block,3
lead-block_19.jpg,lead-block,3
lead-block_190.jpg,lead-block,3
lead-block_191.jpg,lead-block,3
lead-block_192.jpg,lead-block,3
lead-block_193.jpg,lead-block,3
lead-block_194.jpg,lead-block,3
lead-block_195.jpg,lead-block,3
lead-block_196.jpg,lead-block,3
lead-block_197.jpg,lead-block,3
lead-block_198.jpg,lead-block,3
lead-block_199.jpg,lead-block,3
lead-block_2.jpg,lead-block,3
lead-block_20.jpg,lead-block,3
lead-block_200.jpg,lead-block,3
lead-block_201.jpg,lead-block,3
lead-block_202.jpg,lead-block,3
lead-block_203.jpg,lead-block,3
lead-block_204.jpg,lead-block,3
lead-block_205.jpg,lead-block,3
lead-block_206.jpg,lead-block,3
lead-block_207.jpg,lead-block,3
lead-block_208.jpg,lead-block,3
lead-block_209.jpg,lead-block,3
lead-block_226.jpg,lead-block,3
lead-block_227.jpg,lead-block,3
lead-block_228.jpg,lead-block,3
lead-block_229.jpg,lead-block,3
lead-block_23.jpg,lead-block,3
lead-block_230.jpg,lead-block,3
lead-block_231.jpg,lead-block,3
lead-block_232.jpg,lead-block,3
lead-block_233.jpg,lead-block,3
lead-block_234.jpg,lead-block,3
lead-block_235.jpg,lead-block,3
lead-block_236.jpg,lead-block,3
lead-block_237.jpg,lead-block,3
lead-block_238.jpg,lead-block,3
lead-block_239.jpg,lead-block,3
lead-block_24.jpg,lead-block,3
lead-block_241.jpg,lead-block,3
lead-block_242.jpg,lead-block,3
lead-block_243.jpg,lead-block,3
lead-block_244.jpg,lead-block,3
lead-block_245.jpg,lead-block,3
lead-block_246.jpg,lead-block,3
lead-block_247.jpg,lead-block,3
lead-block_248.jpg,lead-block,3
lead-block_249.jpg,lead-block,3
lead-block_25.jpg,lead-block,3
lead-block_250.jpg,lead-block,3
lead-block_251.jpg,lead-block,3
lead-block_252.jpg,lead-block,3
lead-block_253.jpg,lead-block,3
lead-block_254.jpg,lead-block,3
lead-block_255.jpg,lead-block,3
lead-block_257.jpg,lead-block,3
lead-block_258.jpg,lead-block,3
lead-block_259.jpg,lead-block,3
lead-block_26.jpg,lead-block,3
lead-block_260.jpg,lead-block,3
lead-block_261.jpg,lead-block,3
lead-block_262.jpg,lead-block,3
lead-block_263.jpg,lead-block,3
lead-block_264.jpg,lead-block,3
lead-block_265.jpg,lead-block,3
lead-block_266.jpg,lead-block,3
lead-block_267.jpg,lead-block,3
lead-block_268.jpg,lead-block,3
lead-block_269.jpg,lead-block,3
lead-block_27.jpg,lead-block,3
lead-block_270.jpg,lead-block,3
lead-block_272.jpg,lead-block,3
lead-block_273.jpg,lead-block,3
lead-block_274.jpg,lead-block,3
lead-block_275.jpg,lead-block,3
lead-block_276.jpg,lead-block,3
lead-block_277.jpg,lead-block,3
lead-block_278.jpg,lead-block,3
lead-block_279.jpg,lead-block,3
lead-block_28.jpg,lead-block,3
lead-block_280.jpg,lead-block,3
lead-block_281.jpg,lead-block,3
lead-block_282.jpg,lead-block,3
lead-block_283.jpg,lead-block,3
lead-block_284.jpg,lead-block,3
lead-block_285.jpg,lead-block,3
lead-block_286.jpg,lead-block,3
lead-block_288.jpg,lead-block,3
lead-block_289.jpg,lead-block,3
lead-block_29.jpg,lead-block,3
lead-block_290.jpg,lead-block,3
lead-block_291.jpg,lead-block,3
lead-block_292.jpg,lead-block,3
lead-block_293.jpg,lead-block,3
lead-block_294.jpg,lead-block,3
lead-block_295.jpg,lead-block,3
lead-block_296.jpg,lead-block,3
lead-block_297.jpg,lead-block,3
lead-block_298.jpg,lead-block,3
lead-block_299.jpg,lead-block,3
lead-block_3.jpg,lead-block,3
lead-block_30.jpg,lead-block,3
lead-block_300.jpg,lead-block,3
lead-block_302.jpg,lead-block,3
lead-block_303.jpg,lead-block,3
lead-block_304.jpg,lead-block,3
lead-block_305.jpg,lead-block,3
lead-block_306.jpg,lead-block,3
lead-block_307.jpg,lead-block,3
lead-block_308.jpg,lead-block,3
lead-block_309.jpg,lead-block,3
lead-block_31.jpg,lead-block,3
lead-block_310.jpg,lead-block,3
lead-block_311.jpg,lead-block,3
lead-block_312.jpg,lead-block,3
lead-block_313.jpg,lead-block,3
lead-block_314.jpg,lead-block,3
lead-block_315.jpg,lead-block,3
lead-block_316.jpg,lead-block,3
lead-block_318.jpg,lead-block,3
lead-block_319.jpg,lead-block,3
lead-block_32.jpg,lead-block,3
lead-block_320.jpg,lead-block,3
lead-block_321.jpg,lead-block,3
lead-block_322.jpg,lead-block,3
lead-block_323.jpg,lead-block,3
lead-block_324.jpg,lead-block,3
lead-block_325.jpg,lead-block,3
lead-block_326.jpg,lead-block,3
lead-block_327.jpg,lead-block,3
lead-block_328.jpg,lead-block,3
lead-block_329.jpg,lead-block,3
lead-block_33.jpg,lead-block,3
lead-block_330.jpg,lead-block,3
lead-block_331.jpg,lead-block,3
lead-block_333.jpg,lead-block,3
lead-block_334.jpg,lead-block,3
lead-block_335.jpg,lead-block,3
lead-block_336.jpg,lead-block,3
lead-block_337.jpg,lead-block,3
lead-block_338.jpg,lead-block,3
lead-block_339.jpg,lead-block,3
lead-block_34.jpg,lead-block,3
lead-block_340.jpg,lead-block,3
lead-block_341.jpg,lead-block,3
lead-block_342.jpg,lead-block,3
lead-block_343.jpg,lead-block,3
lead-block_344.jpg,lead-block,3
lead-block_345.jpg,lead-block,3
lead-block_346.jpg,lead-block,3
lead-block_347.jpg,lead-block,3
lead-block_349.jpg,lead-block,3
lead-block_35.jpg,lead-block,3
lead-block_350.jpg,lead-block,3
lead-block_351.jpg,lead-block,3
lead-block_352.jpg,lead-block,3
lead-block_353.jpg,lead-block,3
lead-block_354.jpg,lead-block,3
lead-block_355.jpg,lead-block,3
lead-block_356.jpg,lead-block,3
lead-block_357.jpg,lead-block,3
lead-block_358.jpg,lead-block,3
lead-block_359.jpg,lead-block,3
lead-block_36.jpg,lead-block,3
lead-block_360.jpg,lead-block,3
lead-block_361.jpg,lead-block,3
lead-block_362.jpg,lead-block,3
lead-block_363.jpg,lead-block,3
lead-block_364.jpg,lead-block,3
lead-block_365.jpg,lead-block,3
lead-block_366.jpg,lead-block,3
lead-block_367.jpg,lead-block,3
lead-block_368.jpg,lead-block,3
lead-block_369.jpg,lead-block,3
lead-block_386.jpg,lead-block,3
lead-block_387.jpg,lead-block,3
lead-block_388.jpg,lead-block,3
lead-block_389.jpg,lead-block,3
lead-block_39.jpg,lead-block,3
lead-block_390.jpg,lead-block,3
lead-block_391.jpg,lead-block,3
lead-block_392.jpg,lead-block,3
lead-block_393.jpg,lead-block,3
lead-block_394.jpg,lead-block,3
lead-block_395.jpg,lead-block,3
lead-block_4.jpg,lead-block,3
lead-block_40.jpg,lead-block,3
lead-block_41.jpg,lead-block,3
lead-block_42.jpg,lead-block,3
lead-block_43.jpg,lead-block,3
lead-block_44.jpg,lead-block,3
lead-block_45.jpg,lead-block,3
lead-block_46.jpg,lead-block,3
lead-block_47.jpg,lead-block,3
lead-block_48.jpg,lead-block,3
lead-block_49.jpg,lead-block,3
lead-block_5.jpg,lead-block,3
lead-block_50.jpg,lead-block,3
lead-block_51.jpg,lead-block,3
nut_10.jpg,nut,4
nut_100.jpg,nut,4
nut_101.jpg,nut,4
nut_102.jpg,nut,4
nut_103.jpg,nut,4
nut_104.jpg,nut,4
nut_105.jpg,nut,4
nut_106.jpg,nut,4
nut_107.jpg,nut,4
nut_108.jpg,nut,4
nut_109.jpg,nut,4
nut_11.jpg,nut,4
nut_110.jpg,nut,4
nut_111.jpg,nut,4
nut_112.jpg,nut,4
nut_113.jpg,nut,4
nut_114.jpg,nut,4
nut_115.jpg,nut,4
nut_116.jpg,nut,4
nut_280.jpg,nut,4
nut_281.jpg,nut,4
nut_282.jpg,nut,4
nut_283.jpg,nut,4
nut_284.jpg,nut,4
nut_285.jpg,nut,4
nut_286.jpg,nut,4
nut_287.jpg,nut,4
nut_288.jpg,nut,4
nut_289.jpg,nut,4
nut_29.jpg,nut,4
nut_290.jpg,nut,4
nut_291.jpg,nut,4
nut_292.jpg,nut,4
nut_293.jpg,nut,4
nut_294.jpg,nut,4
nut_295.jpg,nut,4
nut_296.jpg,nut,4
nut_297.jpg,nut,4
nut_460.jpg,nut,4
nut_461.jpg,nut,4
nut_462.jpg,nut,4
nut_463.jpg,nut,4
nut_464.jpg,nut,4
nut_465.jpg,nut,4
nut_466.jpg,nut,4
nut_467.jpg,nut,4
nut_468.jpg,nut,4
nut_469.jpg,nut,4
nut_47.jpg,nut,4
nut_470.jpg,nut,4
nut_471.jpg,nut,4
nut_472.jpg,nut,4
nut_48.jpg,nut,4
nut_49.jpg,nut,4
nut_5.jpg,nut,4
nut_50.jpg,nut,4
nut_51.jpg,nut,4
nut_52.jpg,nut,4
nut_53.jpg,nut,4
nut_54.jpg,nut,4
nut_55.jpg,nut,4
nut_56.jpg,nut,4
nut_57.jpg,nut,4
nut_58.jpg,nut,4
nut_59.jpg,nut,4
nut_6.jpg,nut,4
nut_60.jpg,nut,4
nut_61.jpg,nut,4
nut_62.jpg,nut,4
nut_63.jpg,nut,4
nut_65.jpg,nut,4
nut_66.jpg,nut,4
nut_67.jpg,nut,4
nut_68.jpg,nut,4
nut_69.jpg,nut,4
nut_7.jpg,nut,4
nut_70.jpg,nut,4
nut_71.jpg,nut,4
nut_72.jpg,nut,4
nut_73.jpg,nut,4
nut_74.jpg,nut,4
nut_75.jpg,nut,4
nut_76.jpg,nut,4
nut_77.jpg,nut,4
nut_78.jpg,nut,4
nut_79.jpg,nut,4
nut_8.jpg,nut,4
nut_80.jpg,nut,4
nut_81.jpg,nut,4
nut_118.jpg,nut,4
nut_119.jpg,nut,4
nut_12.jpg,nut,4
nut_120.jpg,nut,4
nut_121.jpg,nut,4
nut_122.jpg,nut,4
nut_123.jpg,nut,4
nut_124.jpg,nut,4
nut_125.jpg,nut,4
nut_126.jpg,nut,4
nut_127.jpg,nut,4
nut_128.jpg,nut,4
nut_129.jpg,nut,4
nut_13.jpg,nut,4
nut_130.jpg,nut,4
nut_131.jpg,nut,4
nut_132.jpg,nut,4
nut_133.jpg,nut,4
nut_134.jpg,nut,4
nut_136.jpg,nut,4
nut_137.jpg,nut,4
nut_138.jpg,nut,4
nut_139.jpg,nut,4
nut_14.jpg,nut,4
nut_140.jpg,nut,4
nut_141.jpg,nut,4
nut_142.jpg,nut,4
nut_143.jpg,nut,4
nut_144.jpg,nut,4
nut_145.jpg,nut,4
nut_146.jpg,nut,4
nut_147.jpg,nut,4
nut_148.jpg,nut,4
nut_149.jpg,nut,4
nut_15.jpg,nut,4
nut_150.jpg,nut,4
nut_151.jpg,nut,4
nut_152.jpg,nut,4
lead-block_287.jpg,lead-block,3
lead-block_301.jpg,lead-block,3
lead-block_317.jpg,lead-block,3
lead-block_332.jpg,lead-block,3
lead-block_348.jpg,lead-block,3
lead-block_37.jpg,lead-block,3
lead-block_385.jpg,lead-block,3
lead-block_52.jpg,lead-block,3
lead-block_68.jpg,lead-block,3
lead-block_83.jpg,lead-block,3
nut_1.jpg,nut,4
nut_117.jpg,nut,4
nut_135.jpg,nut,4
nut_153.jpg,nut,4
nut_171.jpg,nut,4
nut_19.jpg,nut,4
nut_207.jpg,nut,4
bolt_62.jpg,bolt,1
flange_355.jpg,flange,2
lead-block_271.jpg,lead-block,3
nut_225.jpg,nut,4
pipe_133.jpg,pipe,5
nut_154.jpg,nut,4
nut_155.jpg,nut,4
nut_156.jpg,nut,4
nut_157.jpg,nut,4
nut_158.jpg,nut,4
nut_159.jpg,nut,4
nut_16.jpg,nut,4
nut_160.jpg,nut,4
nut_161.jpg,nut,4
nut_162.jpg,nut,4
nut_163.jpg,nut,4
nut_164.jpg,nut,4
nut_165.jpg,nut,4
nut_166.jpg,nut,4
nut_167.jpg,nut,4
nut_168.jpg,nut,4
nut_169.jpg,nut,4
nut_17.jpg,nut,4
nut_170.jpg,nut,4
nut_172.jpg,nut,4
nut_173.jpg,nut,4
nut_174.jpg,nut,4
nut_175.jpg,nut,4
nut_176.jpg,nut,4
nut_177.jpg,nut,4
nut_178.jpg,nut,4
nut_179.jpg,nut,4
nut_18.jpg,nut,4
nut_180.jpg,nut,4
nut_181.jpg,nut,4
nut_182.jpg,nut,4
nut_183.jpg,nut,4
nut_184.jpg,nut,4
nut_185.jpg,nut,4
nut_186.jpg,nut,4
nut_187.jpg,nut,4
nut_188.jpg,nut,4
nut_189.jpg,nut,4
nut_190.jpg,nut,4
nut_191.jpg,nut,4
nut_192.jpg,nut,4
nut_193.jpg,nut,4
nut_194.jpg,nut,4
nut_195.jpg,nut,4
nut_196.jpg,nut,4
nut_197.jpg,nut,4
nut_198.jpg,nut,4
nut_199.jpg,nut,4
nut_2.jpg,nut,4
nut_20.jpg,nut,4
nut_200.jpg,nut,4
nut_201.jpg,nut,4
nut_202.jpg,nut,4
nut_203.jpg,nut,4
nut_204.jpg,nut,4
nut_205.jpg,nut,4
nut_206.jpg,nut,4
nut_208.jpg,nut,4
nut_209.jpg,nut,4
nut_21.jpg,nut,4
nut_210.jpg,nut,4
nut_211.jpg,nut,4
nut_212.jpg,nut,4
nut_213.jpg,nut,4
nut_214.jpg,nut,4
nut_215.jpg,nut,4
nut_216.jpg,nut,4
nut_217.jpg,nut,4
nut_218.jpg,nut,4
nut_219.jpg,nut,4
nut_22.jpg,nut,4
nut_220.jpg,nut,4
nut_221.jpg,nut,4
nut_222.jpg,nut,4
nut_223.jpg,nut,4
nut_224.jpg,nut,4
nut_226.jpg,nut,4
nut_227.jpg,nut,4
nut_228.jpg,nut,4
nut_229.jpg,nut,4
nut_23.jpg,nut,4
nut_230.jpg,nut,4
nut_231.jpg,nut,4
nut_232.jpg,nut,4
nut_233.jpg,nut,4
nut_234.jpg,nut,4
nut_235.jpg,nut,4
nut_236.jpg,nut,4
nut_237.jpg,nut,4
nut_238.jpg,nut,4
nut_239.jpg,nut,4
nut_24.jpg,nut,4
nut_240.jpg,nut,4
nut_241.jpg,nut,4
nut_242.jpg,nut,4
nut_244.jpg,nut,4
nut_245.jpg,nut,4
nut_246.jpg,nut,4
nut_247.jpg,nut,4
nut_248.jpg,nut,4
nut_249.jpg,nut,4
nut_25.jpg,nut,4
nut_250.jpg,nut,4
nut_251.jpg,nut,4
nut_252.jpg,nut,4
nut_253.jpg,nut,4
nut_254.jpg,nut,4
nut_255.jpg,nut,4
nut_256.jpg,nut,4
nut_257.jpg,nut,4
nut_258.jpg,nut,4
nut_259.jpg,nut,4
nut_26.jpg,nut,4
nut_260.jpg,nut,4
nut_262.jpg,nut,4
nut_263.jpg,nut,4
nut_264.jpg,nut,4
nut_265.jpg,nut,4
nut_266.jpg,nut,4
nut_267.jpg,nut,4
nut_268.jpg,nut,4
nut_269.jpg,nut,4
nut_27.jpg,nut,4
nut_270.jpg,nut,4
nut_271.jpg,nut,4
nut_272.jpg,nut,4
nut_273.jpg,nut,4
nut_274.jpg,nut,4
nut_275.jpg,nut,4
nut_276.jpg,nut,4
nut_277.jpg,nut,4
nut_278.jpg,nut,4
nut_279.jpg,nut,4
nut_299.jpg,nut,4
nut_3.jpg,nut,4
nut_30.jpg,nut,4
nut_300.jpg,nut,4
nut_301.jpg,nut,4
nut_302.jpg,nut,4
nut_303.jpg,nut,4
nut_304.jpg,nut,4
nut_305.jpg,nut,4
nut_306.jpg,nut,4
nut_307.jpg,nut,4
nut_308.jpg,nut,4
nut_309.jpg,nut,4
nut_31.jpg,nut,4
nut_310.jpg,nut,4
nut_311.jpg,nut,4
nut_312.jpg,nut,4
nut_313.jpg,nut,4
nut_314.jpg,nut,4
nut_316.jpg,nut,4
nut_317.jpg,nut,4
nut_318.jpg,nut,4
nut_319.jpg,nut,4
nut_32.jpg,nut,4
nut_320.jpg,nut,4
nut_321.jpg,nut,4
nut_322.jpg,nut,4
nut_323.jpg,nut,4
nut_324.jpg,nut,4
nut_325.jpg,nut,4
nut_326.jpg,nut,4
nut_327.jpg,nut,4
nut_328.jpg,nut,4
nut_329.jpg,nut,4
nut_33.jpg,nut,4
nut_330.jpg,nut,4
nut_331.jpg,nut,4
nut_332.jpg,nut,4
nut_334.jpg,nut,4
nut_335.jpg,nut,4
nut_336.jpg,nut,4
nut_337.jpg,nut,4
nut_338.jpg,nut,4
nut_339.jpg,nut,4
nut_34.jpg,nut,4
nut_340.jpg,nut,4
nut_341.jpg,nut,4
nut_342.jpg,nut,4
nut_343.jpg,nut,4
nut_344.jpg,nut,4
nut_345.jpg,nut,4
nut_346.jpg,nut,4
nut_347.jpg,nut,4
nut_348.jpg,nut,4
nut_349.jpg,nut,4
nut_35.jpg,nut,4
nut_350.jpg,nut,4
nut_352.jpg,nut,4
nut_353.jpg,nut,4
nut_354.jpg,nut,4
nut_355.jpg,nut,4
nut_356.jpg,nut,4
nut_357.jpg,nut,4
nut_358.jpg,nut,4
nut_359.jpg,nut,4
nut_36.jpg,nut,4
nut_360.jpg,nut,4
nut_361.jpg,nut,4
nut_362.jpg,nut,4
nut_363.jpg,nut,4
nut_364.jpg,nut,4
nut_365.jpg,nut,4
nut_366.jpg,nut,4
nut_367.jpg,nut,4
nut_368.jpg,nut,4
nut_369.jpg,nut,4
nut_370.jpg,nut,4
nut_371.jpg,nut,4
nut_372.jpg,nut,4
nut_373.jpg,nut,4
nut_374.jpg,nut,4
nut_375.jpg,nut,4
nut_376.jpg,nut,4
nut_377.jpg,nut,4
nut_378.jpg,nut,4
nut_379.jpg,nut,4
nut_38.jpg,nut,4
nut_380.jpg,nut,4
nut_381.jpg,nut,4
nut_382.jpg,nut,4
nut_383.jpg,nut,4
nut_384.jpg,nut,4
nut_385.jpg,nut,4
nut_386.jpg,nut,4
nut_387.jpg,nut,4
nut_389.jpg,nut,4
nut_39.jpg,nut,4
nut_390.jpg,nut,4
nut_391.jpg,nut,4
nut_392.jpg,nut,4
nut_393.jpg,nut,4
nut_394.jpg,nut,4
nut_395.jpg,nut,4
nut_396.jpg,nut,4
nut_397.jpg,nut,4
nut_398.jpg,nut,4
nut_399.jpg,nut,4
nut_4.jpg,nut,4
nut_40.jpg,nut,4
nut_400.jpg,nut,4
nut_401.jpg,nut,4
nut_402.jpg,nut,4
nut_403.jpg,nut,4
nut_404.jpg,nut,4
nut_406.jpg,nut,4
nut_407.jpg,nut,4
nut_408.jpg,nut,4
nut_409.jpg,nut,4
nut_41.jpg,nut,4
nut_410.jpg,nut,4
nut_411.jpg,nut,4
nut_412.jpg,nut,4
nut_413.jpg,nut,4
nut_414.jpg,nut,4
nut_415.jpg,nut,4
nut_416.jpg,nut,4
nut_417.jpg,nut,4
nut_418.jpg,nut,4
nut_419.jpg,nut,4
nut_42.jpg,nut,4
nut_420.jpg,nut,4
nut_421.jpg,nut,4
nut_422.jpg,nut,4
nut_424.jpg,nut,4
nut_425.jpg,nut,4
nut_426.jpg,nut,4
nut_427.jpg,nut,4
nut_428.jpg,nut,4
nut_429.jpg,nut,4
nut_43.jpg,nut,4
nut_430.jpg,nut,4
nut_431.jpg,nut,4
nut_432.jpg,nut,4
nut_433.jpg,nut,4
nut_434.jpg,nut,4
nut_435.jpg,nut,4
nut_436.jpg,nut,4
nut_437.jpg,nut,4
nut_438.jpg,nut,4
nut_439.jpg,nut,4
nut_44.jpg,nut,4
nut_440.jpg,nut,4
nut_442.jpg,nut,4
nut_443.jpg,nut,4
nut_444.jpg,nut,4
nut_445.jpg,nut,4
nut_446.jpg,nut,4
nut_447.jpg,nut,4
nut_448.jpg,nut,4
nut_449.jpg,nut,4
nut_45.jpg,nut,4
nut_450.jpg,nut,4
nut_451.jpg,nut,4
nut_452.jpg,nut,4
nut_453.jpg,nut,4
nut_454.jpg,nut,4
nut_455.jpg,nut,4
nut_456.jpg,nut,4
nut_457.jpg,nut,4
nut_458.jpg,nut,4
nut_459.jpg,nut,4
nut_83.jpg,nut,4
nut_84.jpg,nut,4
nut_85.jpg,nut,4
nut_86.jpg,nut,4
nut_87.jpg,nut,4
nut_88.jpg,nut,4
nut_89.jpg,nut,4
nut_9.jpg,nut,4
nut_90.jpg,nut,4
nut_91.jpg,nut,4
nut_92.jpg,nut,4
nut_93.jpg,nut,4
nut_94.jpg,nut,4
nut_95.jpg,nut,4
nut_96.jpg,nut,4
nut_97.jpg,nut,4
nut_98.jpg,nut,4
nut_99.jpg,nut,4
pipe_0.jpg,pipe,5
pipe_10.jpg,pipe,5
pipe_100.jpg,pipe,5
pipe_101.jpg,pipe,5
pipe_102.jpg,pipe,5
pipe_103.jpg,pipe,5
pipe_104.jpg,pipe,5
pipe_105.jpg,pipe,5
pipe_106.jpg,pipe,5
pipe_107.jpg,pipe,5
pipe_108.jpg,pipe,5
pipe_109.jpg,pipe,5
pipe_11.jpg,pipe,5
pipe_110.jpg,pipe,5
pipe_111.jpg,pipe,5
pipe_112.jpg,pipe,5
pipe_113.jpg,pipe,5
pipe_114.jpg,pipe,5
pipe_115.jpg,pipe,5
pipe_280.jpg,pipe,5
pipe_281.jpg,pipe,5
pipe_282.jpg,pipe,5
pipe_283.jpg,pipe,5
pipe_284.jpg,pipe,5
pipe_285.jpg,pipe,5
pipe_286.jpg,pipe,5
pipe_287.jpg,pipe,5
pipe_288.jpg,pipe,5
pipe_289.jpg,pipe,5
pipe_29.jpg,pipe,5
pipe_290.jpg,pipe,5
pipe_291.jpg,pipe,5
pipe_292.jpg,pipe,5
pipe_293.jpg,pipe,5
pipe_294.jpg,pipe,5
pipe_295.jpg,pipe,5
pipe_296.jpg,pipe,5
nut_243.jpg,nut,4
nut_261.jpg,nut,4
nut_28.jpg,nut,4
nut_298.jpg,nut,4
nut_315.jpg,nut,4
nut_333.jpg,nut,4
nut_351.jpg,nut,4
nut_37.jpg,nut,4
nut_388.jpg,nut,4
nut_405.jpg,nut,4
nut_423.jpg,nut,4
nut_441.jpg,nut,4
nut_46.jpg,nut,4
nut_64.jpg,nut,4
nut_82.jpg,nut,4
pipe_1.jpg,pipe,5
pipe_116.jpg,pipe,5
pipe_460.jpg,pipe,5
pipe_461.jpg,pipe,5
pipe_462.jpg,pipe,5
pipe_463.jpg,pipe,5
pipe_464.jpg,pipe,5
pipe_465.jpg,pipe,5
pipe_466.jpg,pipe,5
pipe_467.jpg,pipe,5
pipe_468.jpg,pipe,5
pipe_469.jpg,pipe,5
pipe_47.jpg,pipe,5
pipe_470.jpg,pipe,5
pipe_471.jpg,pipe,5
pipe_472.jpg,pipe,5
pipe_473.jpg,pipe,5
pipe_474.jpg,pipe,5
pipe_475.jpg,pipe,5
pipe_476.jpg,pipe,5
pipe_640.jpg,pipe,5
pipe_641.jpg,pipe,5
pipe_642.jpg,pipe,5
pipe_643.jpg,pipe,5
pipe_644.jpg,pipe,5
pipe_645.jpg,pipe,5
pipe_646.jpg,pipe,5
pipe_647.jpg,pipe,5
pipe_648.jpg,pipe,5
pipe_649.jpg,pipe,5
pipe_65.jpg,pipe,5
pipe_650.jpg,pipe,5
pipe_651.jpg,pipe,5
pipe_652.jpg,pipe,5
pipe_653.jpg,pipe,5
pipe_654.jpg,pipe,5
pipe_655.jpg,pipe,5
pipe_656.jpg,pipe,5
pipe_117.jpg,pipe,5
pipe_118.jpg,pipe,5
pipe_119.jpg,pipe,5
pipe_12.jpg,pipe,5
pipe_120.jpg,pipe,5
pipe_121.jpg,pipe,5
pipe_122.jpg,pipe,5
pipe_123.jpg,pipe,5
pipe_124.jpg,pipe,5
pipe_125.jpg,pipe,5
pipe_126.jpg,pipe,5
pipe_127.jpg,pipe,5
pipe_128.jpg,pipe,5
pipe_129.jpg,pipe,5
pipe_13.jpg,pipe,5
pipe_130.jpg,pipe,5
pipe_131.jpg,pipe,5
pipe_132.jpg,pipe,5
pipe_134.jpg,pipe,5
pipe_135.jpg,pipe,5
pipe_136.jpg,pipe,5
pipe_137.jpg,pipe,5
pipe_138.jpg,pipe,5
pipe_139.jpg,pipe,5
pipe_14.jpg,pipe,5
pipe_140.jpg,pipe,5
pipe_141.jpg,pipe,5
pipe_142.jpg,pipe,5
pipe_143.jpg,pipe,5
pipe_144.jpg,pipe,5
pipe_145.jpg,pipe,5
pipe_146.jpg,pipe,5
pipe_147.jpg,pipe,5
pipe_148.jpg,pipe,5
pipe_149.jpg,pipe,5
pipe_15.jpg,pipe,5
pipe_151.jpg,pipe,5
pipe_152.jpg,pipe,5
pipe_153.jpg,pipe,5
pipe_154.jpg,pipe,5
pipe_155.jpg,pipe,5
pipe_156.jpg,pipe,5
pipe_157.jpg,pipe,5
pipe_158.jpg,pipe,5
pipe_159.jpg,pipe,5
pipe_16.jpg,pipe,5
pipe_160.jpg,pipe,5
pipe_161.jpg,pipe,5
pipe_162.jpg,pipe,5
pipe_163.jpg,pipe,5
pipe_164.jpg,pipe,5
pipe_165.jpg,pipe,5
pipe_166.jpg,pipe,5
pipe_167.jpg,pipe,5
pipe_169.jpg,pipe,5
pipe_17.jpg,pipe,5
pipe_170.jpg,pipe,5
pipe_171.jpg,pipe,5
pipe_172.jpg,pipe,5
pipe_173.jpg,pipe,5
pipe_174.jpg,pipe,5
pipe_175.jpg,pipe,5
pipe_176.jpg,pipe,5
pipe_177.jpg,pipe,5
pipe_178.jpg,pipe,5
pipe_179.jpg,pipe,5
pipe_18.jpg,pipe,5
pipe_180.jpg,pipe,5
pipe_181.jpg,pipe,5
pipe_182.jpg,pipe,5
pipe_183.jpg,pipe,5
pipe_184.jpg,pipe,5
pipe_186.jpg,pipe,5
pipe_187.jpg,pipe,5
pipe_188.jpg,pipe,5
pipe_189.jpg,pipe,5
pipe_19.jpg,pipe,5
pipe_190.jpg,pipe,5
pipe_191.jpg,pipe,5
pipe_192.jpg,pipe,5
pipe_193.jpg,pipe,5
pipe_194.jpg,pipe,5
pipe_195.jpg,pipe,5
pipe_196.jpg,pipe,5
pipe_197.jpg,pipe,5
pipe_198.jpg,pipe,5
pipe_199.jpg,pipe,5
pipe_2.jpg,pipe,5
pipe_20.jpg,pipe,5
pipe_200.jpg,pipe,5
pipe_202.jpg,pipe,5
pipe_203.jpg,pipe,5
pipe_204.jpg,pipe,5
pipe_205.jpg,pipe,5
pipe_206.jpg,pipe,5
pipe_207.jpg,pipe,5
pipe_208.jpg,pipe,5
pipe_209.jpg,pipe,5
pipe_21.jpg,pipe,5
pipe_210.jpg,pipe,5
pipe_211.jpg,pipe,5
pipe_212.jpg,pipe,5
pipe_213.jpg,pipe,5
pipe_214.jpg,pipe,5
pipe_215.jpg,pipe,5
pipe_216.jpg,pipe,5
pipe_217.jpg,pipe,5
pipe_218.jpg,pipe,5
pipe_22.jpg,pipe,5
pipe_220.jpg,pipe,5
pipe_221.jpg,pipe,5
pipe_222.jpg,pipe,5
pipe_223.jpg,pipe,5
pipe_224.jpg,pipe,5
pipe_225.jpg,pipe,5
pipe_226.jpg,pipe,5
pipe_227.jpg,pipe,5
pipe_228.jpg,pipe,5
pipe_229.jpg,pipe,5
pipe_23.jpg,pipe,5
pipe_230.jpg,pipe,5
pipe_231.jpg,pipe,5
pipe_232.jpg,pipe,5
pipe_233.jpg,pipe,5
pipe_234.jpg,pipe,5
pipe_235.jpg,pipe,5
pipe_237.jpg,pipe,5
pipe_238.jpg,pipe,5
pipe_239.jpg,pipe,5
pipe_24.jpg,pipe,5
pipe_240.jpg,pipe,5
pipe_241.jpg,pipe,5
pipe_242.jpg,pipe,5
pipe_243.jpg,pipe,5
pipe_244.jpg,pipe,5
pipe_245.jpg,pipe,5
pipe_246.jpg,pipe,5
pipe_247.jpg,pipe,5
pipe_248.jpg,pipe,5
pipe_249.jpg,pipe,5
pipe_25.jpg,pipe,5
pipe_250.jpg,pipe,5
pipe_251.jpg,pipe,5
pipe_252.jpg,pipe,5
pipe_254.jpg,pipe,5
pipe_255.jpg,pipe,5
pipe_256.jpg,pipe,5
pipe_257.jpg,pipe,5
pipe_258.jpg,pipe,5
pipe_259.jpg,pipe,5
pipe_26.jpg,pipe,5
pipe_260.jpg,pipe,5
pipe_261.jpg,pipe,5
pipe_262.jpg,pipe,5
pipe_263.jpg,pipe,5
pipe_264.jpg,pipe,5
pipe_265.jpg,pipe,5
pipe_266.jpg,pipe,5
pipe_267.jpg,pipe,5
pipe_268.jpg,pipe,5
pipe_269.jpg,pipe,5
pipe_27.jpg,pipe,5
pipe_270.jpg,pipe,5
pipe_271.jpg,pipe,5
pipe_272.jpg,pipe,5
pipe_273.jpg,pipe,5
pipe_274.jpg,pipe,5
pipe_275.jpg,pipe,5
pipe_276.jpg,pipe,5
pipe_277.jpg,pipe,5
pipe_278.jpg,pipe,5
pipe_279.jpg,pipe,5
pipe_298.jpg,pipe,5
pipe_299.jpg,pipe,5
pipe_3.jpg,pipe,5
pipe_30.jpg,pipe,5
pipe_300.jpg,pipe,5
pipe_301.jpg,pipe,5
pipe_302.jpg,pipe,5
pipe_303.jpg,pipe,5
pipe_304.jpg,pipe,5
pipe_305.jpg,pipe,5
pipe_306.jpg,pipe,5
pipe_307.jpg,pipe,5
pipe_308.jpg,pipe,5
pipe_309.jpg,pipe,5
pipe_31.jpg,pipe,5
pipe_310.jpg,pipe,5
pipe_311.jpg,pipe,5
pipe_312.jpg,pipe,5
pipe_314.jpg,pipe,5
pipe_315.jpg,pipe,5
pipe_316.jpg,pipe,5
pipe_317.jpg,pipe,5
pipe_318.jpg,pipe,5
pipe_319.jpg,pipe,5
pipe_32.jpg,pipe,5
pipe_320.jpg,pipe,5
pipe_321.jpg,pipe,5
pipe_322.jpg,pipe,5
pipe_323.jpg,pipe,5
pipe_324.jpg,pipe,5
pipe_325.jpg,pipe,5
pipe_326.jpg,pipe,5
pipe_327.jpg,pipe,5
pipe_328.jpg,pipe,5
pipe_329.jpg,pipe,5
pipe_33.jpg,pipe,5
pipe_331.jpg,pipe,5
pipe_332.jpg,pipe,5
pipe_333.jpg,pipe,5
pipe_334.jpg,pipe,5
pipe_335.jpg,pipe,5
pipe_336.jpg,pipe,5
pipe_337.jpg,pipe,5
pipe_338.jpg,pipe,5
pipe_339.jpg,pipe,5
pipe_34.jpg,pipe,5
pipe_340.jpg,pipe,5
pipe_341.jpg,pipe,5
pipe_342.jpg,pipe,5
pipe_343.jpg,pipe,5
pipe_344.jpg,pipe,5
pipe_345.jpg,pipe,5
pipe_346.jpg,pipe,5
pipe_347.jpg,pipe,5
pipe_349.jpg,pipe,5
pipe_35.jpg,pipe,5
pipe_350.jpg,pipe,5
pipe_351.jpg,pipe,5
pipe_352.jpg,pipe,5
pipe_353.jpg,pipe,5
pipe_354.jpg,pipe,5
pipe_355.jpg,pipe,5
pipe_356.jpg,pipe,5
pipe_357.jpg,pipe,5
pipe_358.jpg,pipe,5
pipe_359.jpg,pipe,5
pipe_36.jpg,pipe,5
pipe_360.jpg,pipe,5
pipe_361.jpg,pipe,5
pipe_362.jpg,pipe,5
pipe_363.jpg,pipe,5
pipe_364.jpg,pipe,5
pipe_366.jpg,pipe,5
pipe_367.jpg,pipe,5
pipe_368.jpg,pipe,5
pipe_369.jpg,pipe,5
pipe_37.jpg,pipe,5
pipe_370.jpg,pipe,5
pipe_371.jpg,pipe,5
pipe_372.jpg,pipe,5
pipe_373.jpg,pipe,5
pipe_374.jpg,pipe,5
pipe_375.jpg,pipe,5
pipe_376.jpg,pipe,5
pipe_377.jpg,pipe,5
pipe_378.jpg,pipe,5
pipe_379.jpg,pipe,5
pipe_38.jpg,pipe,5
pipe_380.jpg,pipe,5
pipe_381.jpg,pipe,5
pipe_383.jpg,pipe,5
pipe_384.jpg,pipe,5
pipe_385.jpg,pipe,5
pipe_386.jpg,pipe,5
pipe_387.jpg,pipe,5
pipe_388.jpg,pipe,5
pipe_389.jpg,pipe,5
pipe_39.jpg,pipe,5
pipe_390.jpg,pipe,5
pipe_391.jpg,pipe,5
pipe_392.jpg,pipe,5
pipe_393.jpg,pipe,5
pipe_394.jpg,pipe,5
pipe_395.jpg,pipe,5
pipe_396.jpg,pipe,5
pipe_397.jpg,pipe,5
pipe_398.jpg,pipe,5
pipe_399.jpg,pipe,5
pipe_40.jpg,pipe,5
pipe_400.jpg,pipe,5
pipe_401.jpg,pipe,5
pipe_402.jpg,pipe,5
pipe_403.jpg,pipe,5
pipe_404.jpg,pipe,5
pipe_405.jpg,pipe,5
pipe_406.jpg,pipe,5
pipe_407.jpg,pipe,5
pipe_408.jpg,pipe,5
pipe_409.jpg,pipe,5
pipe_41.jpg,pipe,5
pipe_410.jpg,pipe,5
pipe_411.jpg,pipe,5
pipe_412.jpg,pipe,5
pipe_413.jpg,pipe,5
pipe_414.jpg,pipe,5
pipe_415.jpg,pipe,5
pipe_150.jpg,pipe,5
pipe_168.jpg,pipe,5
pipe_185.jpg,pipe,5
pipe_201.jpg,pipe,5
pipe_219.jpg,pipe,5
pipe_236.jpg,pipe,5
pipe_253.jpg,pipe,5
pipe_28.jpg,pipe,5
pipe_297.jpg,pipe,5
pipe_313.jpg,pipe,5
pipe_330.jpg,pipe,5
pipe_348.jpg,pipe,5
pipe_365.jpg,pipe,5
pipe_382.jpg,pipe,5
pipe_4.jpg,pipe,5
pipe_416.jpg,pipe,5
pipe_433.jpg,pipe,5
pipe_46.jpg,pipe,5
pipe_477.jpg,pipe,5
pipe_494.jpg,pipe,5
pipe_510.jpg,pipe,5
pipe_528.jpg,pipe,5
pipe_545.jpg,pipe,5
pipe_562.jpg,pipe,5
pipe_58.jpg,pipe,5
pipe_597.jpg,pipe,5
pipe_613.jpg,pipe,5
pipe_64.jpg,pipe,5
pipe_657.jpg,pipe,5
pipe_674.jpg,pipe,5
pipe_691.jpg,pipe,5
pipe_708.jpg,pipe,5
pipe_82.jpg,pipe,5
pipe_417.jpg,pipe,5
pipe_418.jpg,pipe,5
pipe_419.jpg,pipe,5
pipe_42.jpg,pipe,5
pipe_420.jpg,pipe,5
pipe_421.jpg,pipe,5
pipe_422.jpg,pipe,5
pipe_423.jpg,pipe,5
pipe_424.jpg,pipe,5
pipe_425.jpg,pipe,5
pipe_426.jpg,pipe,5
pipe_427.jpg,pipe,5
pipe_428.jpg,pipe,5
pipe_429.jpg,pipe,5
pipe_43.jpg,pipe,5
pipe_430.jpg,pipe,5
pipe_431.jpg,pipe,5
pipe_432.jpg,pipe,5
pipe_434.jpg,pipe,5
pipe_435.jpg,pipe,5
pipe_436.jpg,pipe,5
pipe_437.jpg,pipe,5
pipe_438.jpg,pipe,5
pipe_439.jpg,pipe,5
pipe_44.jpg,pipe,5
pipe_440.jpg,pipe,5
pipe_441.jpg,pipe,5
pipe_442.jpg,pipe,5
pipe_443.jpg,pipe,5
pipe_444.jpg,pipe,5
pipe_445.jpg,pipe,5
pipe_446.jpg,pipe,5
pipe_447.jpg,pipe,5
pipe_448.jpg,pipe,5
pipe_449.jpg,pipe,5
pipe_45.jpg,pipe,5
pipe_450.jpg,pipe,5
pipe_451.jpg,pipe,5
pipe_452.jpg,pipe,5
pipe_453.jpg,pipe,5
pipe_454.jpg,pipe,5
pipe_455.jpg,pipe,5
pipe_456.jpg,pipe,5
pipe_457.jpg,pipe,5
pipe_458.jpg,pipe,5
pipe_459.jpg,pipe,5
pipe_478.jpg,pipe,5
pipe_479.jpg,pipe,5
pipe_48.jpg,pipe,5
pipe_480.jpg,pipe,5
pipe_481.jpg,pipe,5
pipe_482.jpg,pipe,5
pipe_483.jpg,pipe,5
pipe_484.jpg,pipe,5
pipe_485.jpg,pipe,5
pipe_486.jpg,pipe,5
pipe_487.jpg,pipe,5
pipe_488.jpg,pipe,5
pipe_489.jpg,pipe,5
pipe_49.jpg,pipe,5
pipe_490.jpg,pipe,5
pipe_491.jpg,pipe,5
pipe_492.jpg,pipe,5
pipe_493.jpg,pipe,5
pipe_495.jpg,pipe,5
pipe_496.jpg,pipe,5
pipe_497.jpg,pipe,5
pipe_498.jpg,pipe,5
pipe_499.jpg,pipe,5
pipe_5.jpg,pipe,5
pipe_50.jpg,pipe,5
pipe_500.jpg,pipe,5
pipe_501.jpg,pipe,5
pipe_502.jpg,pipe,5
pipe_503.jpg,pipe,5
pipe_504.jpg,pipe,5
pipe_505.jpg,pipe,5
pipe_506.jpg,pipe,5
pipe_507.jpg,pipe,5
pipe_508.jpg,pipe,5
pipe_509.jpg,pipe,5
pipe_51.jpg,pipe,5
pipe_511.jpg,pipe,5
pipe_512.jpg,pipe,5
pipe_513.jpg,pipe,5
pipe_514.jpg,pipe,5
pipe_515.jpg,pipe,5
pipe_516.jpg,pipe,5
pipe_517.jpg,pipe,5
pipe_518.jpg,pipe,5
pipe_519.jpg,pipe,5
pipe_52.jpg,pipe,5
pipe_520.jpg,pipe,5
pipe_521.jpg,pipe,5
pipe_522.jpg,pipe,5
pipe_523.jpg,pipe,5
pipe_524.jpg,pipe,5
pipe_525.jpg,pipe,5
pipe_526.jpg,pipe,5
pipe_527.jpg,pipe,5
pipe_529.jpg,pipe,5
pipe_53.jpg,pipe,5
pipe_530.jpg,pipe,5
pipe_531.jpg,pipe,5
pipe_532.jpg,pipe,5
pipe_533.jpg,pipe,5
pipe_534.jpg,pipe,5
pipe_535.jpg,pipe,5
pipe_536.jpg,pipe,5
pipe_537.jpg,pipe,5
pipe_538.jpg,pipe,5
pipe_539.jpg,pipe,5
pipe_54.jpg,pipe,5
pipe_540.jpg,pipe,5
pipe_541.jpg,pipe,5
pipe_542.jpg,pipe,5
pipe_543.jpg,pipe,5
pipe_544.jpg,pipe,5
pipe_546.jpg,pipe,5
pipe_547.jpg,pipe,5
pipe_548.jpg,pipe,5
pipe_549.jpg,pipe,5
pipe_55.jpg,pipe,5
pipe_550.jpg,pipe,5
pipe_551.jpg,pipe,5
pipe_552.jpg,pipe,5
pipe_553.jpg,pipe,5
pipe_554.jpg,pipe,5
pipe_555.jpg,pipe,5
pipe_556.jpg,pipe,5
pipe_557.jpg,pipe,5
pipe_558.jpg,pipe,5
pipe_559.jpg,pipe,5
pipe_56.jpg,pipe,5
pipe_560.jpg,pipe,5
pipe_561.jpg,pipe,5
pipe_563.jpg,pipe,5
pipe_564.jpg,pipe,5
pipe_565.jpg,pipe,5
pipe_566.jpg,pipe,5
pipe_567.jpg,pipe,5
pipe_568.jpg,pipe,5
pipe_569.jpg,pipe,5
pipe_57.jpg,pipe,5
pipe_570.jpg,pipe,5
pipe_571.jpg,pipe,5
pipe_572.jpg,pipe,5
pipe_573.jpg,pipe,5
pipe_574.jpg,pipe,5
pipe_575.jpg,pipe,5
pipe_576.jpg,pipe,5
pipe_577.jpg,pipe,5
pipe_578.jpg,pipe,5
pipe_579.jpg,pipe,5
pipe_580.jpg,pipe,5
pipe_581.jpg,pipe,5
pipe_582.jpg,pipe,5
pipe_583.jpg,pipe,5
pipe_584.jpg,pipe,5
pipe_585.jpg,pipe,5
pipe_586.jpg,pipe,5
pipe_587.jpg,pipe,5
pipe_588.jpg,pipe,5
pipe_589.jpg,pipe,5
pipe_59.jpg,pipe,5
pipe_590.jpg,pipe,5
pipe_591.jpg,pipe,5
pipe_592.jpg,pipe,5
pipe_593.jpg,pipe,5
pipe_594.jpg,pipe,5
pipe_595.jpg,pipe,5
pipe_596.jpg,pipe,5
pipe_598.jpg,pipe,5
pipe_599.jpg,pipe,5
pipe_6.jpg,pipe,5
pipe_60.jpg,pipe,5
pipe_600.jpg,pipe,5
pipe_601.jpg,pipe,5
pipe_602.jpg,pipe,5
pipe_603.jpg,pipe,5
pipe_604.jpg,pipe,5
pipe_605.jpg,pipe,5
pipe_606.jpg,pipe,5
pipe_607.jpg,pipe,5
pipe_608.jpg,pipe,5
pipe_609.jpg,pipe,5
pipe_61.jpg,pipe,5
pipe_610.jpg,pipe,5
pipe_611.jpg,pipe,5
pipe_612.jpg,pipe,5
pipe_614.jpg,pipe,5
pipe_615.jpg,pipe,5
pipe_616.jpg,pipe,5
pipe_617.jpg,pipe,5
pipe_618.jpg,pipe,5
pipe_619.jpg,pipe,5
pipe_62.jpg,pipe,5
pipe_620.jpg,pipe,5
pipe_621.jpg,pipe,5
pipe_622.jpg,pipe,5
pipe_623.jpg,pipe,5
pipe_624.jpg,pipe,5
pipe_625.jpg,pipe,5
pipe_626.jpg,pipe,5
pipe_627.jpg,pipe,5
pipe_628.jpg,pipe,5
pipe_629.jpg,pipe,5
pipe_63.jpg,pipe,5
pipe_630.jpg,pipe,5
pipe_631.jpg,pipe,5
pipe_632.jpg,pipe,5
pipe_633.jpg,pipe,5
pipe_634.jpg,pipe,5
pipe_635.jpg,pipe,5
pipe_636.jpg,pipe,5
pipe_637.jpg,pipe,5
pipe_638.jpg,pipe,5
pipe_639.jpg,pipe,5
pipe_83.jpg,pipe,5
pipe_84.jpg,pipe,5
pipe_85.jpg,pipe,5
pipe_86.jpg,pipe,5
pipe_87.jpg,pipe,5
pipe_88.jpg,pipe,5
pipe_89.jpg,pipe,5
pipe_9.jpg,pipe,5
pipe_90.jpg,pipe,5
pipe_91.jpg,pipe,5
pipe_92.jpg,pipe,5
pipe_93.jpg,pipe,5
pipe_94.jpg,pipe,5
pipe_95.jpg,pipe,5
pipe_96.jpg,pipe,5
pipe_97.jpg,pipe,5
pipe_98.jpg,pipe,5
pipe_99.jpg,pipe,5
pipe_658.jpg,pipe,5
pipe_659.jpg,pipe,5
pipe_66.jpg,pipe,5
pipe_660.jpg,pipe,5
pipe_661.jpg,pipe,5
pipe_662.jpg,pipe,5
pipe_663.jpg,pipe,5
pipe_664.jpg,pipe,5
pipe_665.jpg,pipe,5
pipe_666.jpg,pipe,5
pipe_667.jpg,pipe,5
pipe_668.jpg,pipe,5
pipe_669.jpg,pipe,5
pipe_67.jpg,pipe,5
pipe_670.jpg,pipe,5
pipe_671.jpg,pipe,5
pipe_672.jpg,pipe,5
pipe_673.jpg,pipe,5
pipe_675.jpg,pipe,5
pipe_676.jpg,pipe,5
pipe_677.jpg,pipe,5
pipe_678.jpg,pipe,5
pipe_679.jpg,pipe,5
pipe_68.jpg,pipe,5
pipe_680.jpg,pipe,5
pipe_681.jpg,pipe,5
pipe_682.jpg,pipe,5
pipe_683.jpg,pipe,5
pipe_684.jpg,pipe,5
pipe_685.jpg,pipe,5
pipe_686.jpg,pipe,5
pipe_687.jpg,pipe,5
pipe_688.jpg,pipe,5
pipe_689.jpg,pipe,5
pipe_69.jpg,pipe,5
pipe_690.jpg,pipe,5
pipe_692.jpg,pipe,5
pipe_693.jpg,pipe,5
pipe_694.jpg,pipe,5
pipe_695.jpg,pipe,5
pipe_696.jpg,pipe,5
pipe_697.jpg,pipe,5
pipe_698.jpg,pipe,5
pipe_699.jpg,pipe,5
pipe_7.jpg,pipe,5
pipe_70.jpg,pipe,5
pipe_700.jpg,pipe,5
pipe_701.jpg,pipe,5
pipe_702.jpg,pipe,5
pipe_703.jpg,pipe,5
pipe_704.jpg,pipe,5
pipe_705.jpg,pipe,5
pipe_706.jpg,pipe,5
pipe_707.jpg,pipe,5
pipe_709.jpg,pipe,5
pipe_71.jpg,pipe,5
pipe_710.jpg,pipe,5
pipe_711.jpg,pipe,5
pipe_712.jpg,pipe,5
pipe_713.jpg,pipe,5
pipe_714.jpg,pipe,5
pipe_715.jpg,pipe,5
pipe_716.jpg,pipe,5
pipe_717.jpg,pipe,5
pipe_718.jpg,pipe,5
pipe_719.jpg,pipe,5
pipe_72.jpg,pipe,5
pipe_720.jpg,pipe,5
pipe_721.jpg,pipe,5
pipe_722.jpg,pipe,5
pipe_723.jpg,pipe,5
pipe_724.jpg,pipe,5
pipe_725.jpg,pipe,5
pipe_73.jpg,pipe,5
pipe_74.jpg,pipe,5
pipe_75.jpg,pipe,5
pipe_76.jpg,pipe,5
pipe_77.jpg,pipe,5
pipe_78.jpg,pipe,5
pipe_79.jpg,pipe,5
pipe_8.jpg,pipe,5
pipe_80.jpg,pipe,5
pipe_81.jpg,pipe,5
